Snacks and Dessert,Alcoholic Drinks,Grains and Legumes,Dairy,Fruit,Meat and Poultry,Vegetables and Herbs,Seafood, Conditments and Seasonings
marshmallow,apple_brandy,black_walnut,gruyere_cheese,coconut,turkey,jalapeno,oyster,ketchup
pancake,plum_wine,bean,butter,mango,egg,strawberry,shrimp,mayonnaise
cornbread,wine,chickpea,cheddar_cheese,kiwi,meatball,garlic,bluefish,salt
biscuit,vermouth,caper,cream_cheese,guava,beef,broccoli,anchovy,pepper
pudding,rum,wheat,evaporated_milk,lime,buffalo,parsley,turbot,sugar
fudge,kefir,soybean,swiss_cheese,apple,lamb,radish,crab,butter
white_bread,sparkling_wine,corn,cheese,pear,deer,asparagus,salmon,jam
bread,cherry_brandy,quinoa,yogurt,blueberry,ham,tomato,crayfish,olive_oil
rye_bread,port_wine,tamale,mozzarella_cheese,pineapple,sausage,carrot,conch,turmeric
popcorn,scotch_whisky,barley,whipping_cream,orange,rabbit,cabbage,grouper,cumin
ice_cream,vodka,tortilla,feta_cheese,lemon,mutton,potato,scallop,cayenne
chocolate,red_wine,flour,milk,melon,squab,spinach,caviar,chocolate_syrup
cake,beer,lentil,goat_cheese,grape,chicken,lettuce,clam,chili_powder
bagel,pear_brandy,oat,ricotta_cheese,peach,pork,basil,prawn,soy_sauce
waffle,white_wine,rice,parmesan_cheese,banana,ground_beef,cucumber,lobster,chili_powder
raisin_bread,champagne,millet,mexican_oregano,lingonberry,liver,celery,walleye,relish
potato_bread,gin,sweetcorn,buttermilk,grapefruit,marrow,dill,kelp,mustard
candy_bar,margarine,tostada,condensed_milk,pomegranate,pork_belly,kale,catfish,pepper
dulce_de_leche,brandy,molasses,cocoa_butter,papaya,pork_chop,chervil,squid,garlic_paste
marzipan,sake,wild_rice,soy_yogurt,raisin,tenderloin,agave,abalone,fish_sauce